<?xml version="1.0" encoding="UTF-8"?>
<project-private xmlns="http://www.netbeans.org/ns/project-private/1">
    <editor-bookmarks xmlns="http://www.netbeans.org/ns/editor-bookmarks/2" lastBookmarkId="0"/>
    <open-files xmlns="http://www.netbeans.org/ns/projectui-open-files/2">
        <group>
            <file>file:/C:/Users/cvpda/Desktop/Secure%20Programming/Assignment_1/Trump/WeLoveTrump/src/java/validate/ValidateForward.java</file>
            <file>file:/C:/Users/cvpda/Desktop/Secure%20Programming/Assignment_1/Trump/WeLoveTrump/web/WEB-INF/web.xml</file>
            <file>file:/C:/Users/cvpda/Desktop/Secure%20Programming/Assignment_1/Trump/WeLoveTrump/src/java/validate/ValidateLogin.java</file>
            <file>file:/C:/Users/cvpda/Desktop/Secure%20Programming/Assignment_1/Trump/WeLoveTrump/src/java/dbconnection/DBConnect.java</file>
            <file>file:/C:/Users/cvpda/Desktop/Secure%20Programming/Assignment_1/Trump/WeLoveTrump/src/java/validate/ValidateLogout.java</file>
        </group>
    </open-files>
</project-private>
